id;content;time;teacher
1;Tools Metal;2021-11-28;Loan mission-critical
2;1080p platforms;2021-11-28;Śląskie Berkshire
3;plum;2021-11-29;panel Concrete
4;bypass;2021-11-28;adapter Investor
5;Mouse facilitate;2021-11-29;Tajlandia indexing Account
6;one-to-one orchid;2021-11-28;user-facing
7;application granular;2021-11-29;International program Wooden
8;Passage real-time;2021-11-29;firewall Chair
9;payment Bedfordshire;2021-11-29;Frozen National Borders
10;application Focused;2021-11-29;Central Rubber Team-oriented
