id;title;point_grade;content;deadline;attachment;attachment_content_type
1;withdrawal Avon rich;97009;deposit Wielkopolskie;2021-11-28;../fake-data/blob/hipster.png;image/png
2;Grocery;2316;Baby bifurcated;2021-11-28;../fake-data/blob/hipster.png;image/png
3;back-end;46795;Stream Human state;2021-11-28;../fake-data/blob/hipster.png;image/png
4;Pakistan Licensed Officer;14683;up optical Squares;2021-11-28;../fake-data/blob/hipster.png;image/png
5;Health calculating Car;48628;interface;2021-11-28;../fake-data/blob/hipster.png;image/png
6;integrate;72381;Switchable Industrial;2021-11-29;../fake-data/blob/hipster.png;image/png
7;Executive invoice;77196;matrix Dynamic Technician;2021-11-28;../fake-data/blob/hipster.png;image/png
8;index withdrawal Concrete;58270;Borders;2021-11-28;../fake-data/blob/hipster.png;image/png
9;copying;25448;Rubber Infrastructure;2021-11-28;../fake-data/blob/hipster.png;image/png
10;Frozen Colombian;17666;Shirt;2021-11-28;../fake-data/blob/hipster.png;image/png
